{
  "n_candidates": 40,
  "pearson_r": 0.6590117646604685,
  "mean_overlap_top5": 0.5433333333333333
}