{
  "best_proxy_per_gen": [
    -0.9887113571166992,
    -0.9874980449676514,
    -0.9874980449676514,
    -0.9852884411811829,
    -0.9829476475715637,
    -0.9829476475715637,
    -0.9754188656806946,
    -0.9754188656806946,
    -0.9754188656806946,
    -0.9723479151725769,
    -0.9647693037986755,
    -0.9578437805175781,
    -0.9522156119346619,
    -0.9482414126396179,
    -0.9482414126396179,
    -0.9479332566261292,
    -0.9479332566261292,
    -0.9479332566261292,
    -0.9479332566261292,
    -0.9479332566261292,
    -0.9479332566261292,
    -0.9432732462882996,
    -0.9432732462882996,
    -0.9432732462882996,
    -0.9432732462882996,
    -0.9432732462882996,
    -0.9432732462882996,
    -0.9432732462882996,
    -0.9432732462882996,
    -0.9432732462882996,
    -0.9432732462882996,
    -0.9432732462882996,
    -0.9432732462882996,
    -0.9432732462882996,
    -0.9432732462882996,
    -0.9432732462882996,
    -0.9432732462882996,
    -0.9432732462882996,
    -0.9432732462882996,
    -0.9423715472221375,
    -0.9423715472221375,
    -0.9423715472221375,
    -0.9423715472221375,
    -0.9423715472221375,
    -0.9423715472221375,
    -0.9423715472221375,
    -0.9423715472221375,
    -0.9423715472221375,
    -0.9423715472221375,
    -0.9423715472221375,
    -0.9423715472221375,
    -0.9423715472221375,
    -0.9423715472221375,
    -0.9423715472221375,
    -0.9423715472221375,
    -0.9423715472221375,
    -0.9423715472221375,
    -0.9423715472221375,
    -0.9423715472221375,
    -0.9423715472221375
  ],
  "mean_proxy_per_gen": [
    -0.9966813325881958,
    -0.9932287931442261,
    -0.993771493434906,
    -0.991493821144104,
    -0.9881773591041565,
    -0.9888710975646973,
    -0.9879518747329712,
    -0.9864514470100403,
    -0.9853270053863525,
    -0.9822558164596558,
    -0.9770861864089966,
    -0.9722813367843628,
    -0.9717724323272705,
    -0.9697128534317017,
    -0.9658851623535156,
    -0.967861533164978,
    -0.9619699120521545,
    -0.9773024916648865,
    -0.977798342704773,
    -0.9663299322128296,
    -0.9795892238616943,
    -0.9688905477523804,
    -0.9653124809265137,
    -0.9791592359542847,
    -0.96303391456604,
    -0.9674047231674194,
    -0.9706803560256958,
    -0.9670307040214539,
    -0.9700829386711121,
    -0.9732593297958374,
    -0.9685598611831665,
    -0.9671077728271484,
    -0.9692224860191345,
    -0.9686381816864014,
    -0.9758192300796509,
    -0.9765705466270447,
    -0.9734779596328735,
    -0.9714730978012085,
    -0.9687346816062927,
    -0.9697233438491821,
    -0.9655972123146057,
    -0.9599212408065796,
    -0.9640758633613586,
    -0.9623774290084839,
    -0.9652411937713623,
    -0.9675718545913696,
    -0.95927494764328,
    -0.965726375579834,
    -0.9604235291481018,
    -0.9729450941085815,
    -0.9573774337768555,
    -0.9676207304000854,
    -0.9597460031509399,
    -0.9739870429039001,
    -0.9846142530441284,
    -0.9612621068954468,
    -0.9554122090339661,
    -0.9570489525794983,
    -0.9721287488937378,
    -0.9585201740264893
  ],
  "gen_times": [
    2.4,
    0.94,
    0.87,
    0.85,
    0.87,
    0.86,
    0.87,
    0.86,
    0.86,
    0.86,
    2.47,
    0.86,
    0.86,
    0.9,
    0.8,
    0.81,
    0.8,
    0.8,
    0.8,
    0.8,
    2.28,
    0.8,
    0.79,
    0.81,
    0.8,
    0.8,
    0.79,
    0.8,
    0.8,
    0.79,
    2.27,
    0.79,
    0.8,
    0.83,
    0.83,
    0.8,
    0.8,
    0.8,
    0.8,
    0.8,
    2.26,
    0.8,
    0.79,
    0.82,
    0.81,
    0.79,
    0.85,
    0.81,
    0.79,
    0.8,
    2.31,
    0.81,
    0.81,
    0.84,
    0.82,
    0.81,
    0.8,
    0.84,
    0.81,
    0.83
  ],
  "n_generations": 60,
  "algorithm": "sep_cma_es_dinov2_oe[dinov2_lite_jax]",
  "fm_backend": "dinov2_lite_jax",
  "best_score": -0.9423715472221375
}